Workbook

Sheet Data
A1: 3 | B1: apple | C1: 1 | D1: 45000 | E1: 1 | F1: one | G1: 2 | H1: 1 | I1: 0 | J1: Region | K1: Sales | L1: Year
A2: -1.5 | B2: Banana | C2: 2 | D2: 45001.5 | E2: 10 | F2: ten | G2: 1 | H2: 3 | I2: 1 | J2: North | K2: 120 | L2: 2021
A3: 7 | B3: cherry | C3: =TRUE() -> TRUE | D3: 44927 | E3: 100 | F3: hundred | G3: 0 | H3: 1 | I3: 4 | J3: South | K3: 80 | L3: 2021
A4: 0 | B4: apple pie | D4: 36526 | E4: 1000 | F4: thousand | J4: North | K4: 45 | L4: 2022
A5: 12.25 | C5: 5 | D5: 1 | E5: 10000 | F5: ten thousand | J5: East | K5: 200 | L5: 2022
A6: 4 | B6: Date | C6: x | D6: 60 | J6: South | K6: 95 | L6: 2023
A7: 4 | B7: egg | C7: 7.5 | D7: 61 | J7: North | K7: 60 | L7: 2023
A8: 9 | B8: fig | C8: =FALSE() -> FALSE | D8: 2958465
A9: 2.5 | B9: grape | C9: 9 | D9: 40000.25
A10: 100 | B10: kiwi | C10: -3 | D10: 0.75

Sheet F
A1: =-2^2 -> 4 | B1: =-2^2
A2: =2^3^2 -> 64 | B2: =2^3^2
A3: =1+2*3-4/8 -> 6.5 | B3: =1+2*3-4/8
A4: =50%*10 -> 5 | B4: =50%*10
A5: ="3"+1 -> 4 | B5: ="3"+1
A6: =TRUE()+TRUE() -> 2 | B6: =TRUE+TRUE
A7: ="a"&1.5&TRUE() -> a1.51 | B7: ="a"&1.5&TRUE
A8: =0.1+0.2=0.3 -> TRUE | B8: =0.1+0.2=0.3
A9: =1/0 -> #DIV/0! | B9: =1/0
A10: ="abc"*2 -> #VALUE! | B10: ="abc"*2
A11: ="a"<"B" -> TRUE | B11: ="a"<"B"
A12: =1<"0" -> TRUE | B12: =1<"0"
A13: =Data!C4=0 -> TRUE | B13: =Data!C4=0
A14: =Data!C4="" -> TRUE | B14: =Data!C4=""
A15: =2^0.5 -> 1.4142136 | B15: =2^0.5
A16: =-Data!A2 -> 1.5 | B16: =-Data!A2
A17: =Data!A1:A3*2 -> #VALUE! | B17: =Data!A1:A3*2
A18: =(Data!A1+Data!A3)/2 -> 5 | B18: =(Data!A1+Data!A3)/2
A19: =SUM(Data!A1:A10) -> 140.25 | B19: =SUM(Data!A1:A10)
A20: =SUM(Data!C1:C10) -> 20.5 | B20: =SUM(Data!C1:C10)
A21: =SUM(1,"2",TRUE()) -> #VALUE! | B21: =SUM(1,"2",TRUE)
A22: =SUM(Data!A:A) -> 140.25 | B22: =SUM(Data!A:A)
A23: =PRODUCT(Data!A1:A3) -> -31.5 | B23: =PRODUCT(Data!A1:A3)
A24: =SUMSQ(Data!A1:A3) -> 60.25 | B24: =SUMSQ(Data!A1:A3)
A25: =AVERAGE(Data!A1:A10) -> 14.025 | B25: =AVERAGE(Data!A1:A10)
A26: =AVERAGE(Data!C1:C10) -> 2.9285714 | B26: =AVERAGE(Data!C1:C10)
A27: =AVERAGEA(Data!C1:C10) -> 2.2777778 | B27: =AVERAGEA(Data!C1:C10)
A28: =MIN(Data!A1:A10) -> -1.5 | B28: =MIN(Data!A1:A10)
A29: =MAX(Data!A1:A10) -> 100 | B29: =MAX(Data!A1:A10)
A30: =MINA(Data!C1:C10) -> -3 | B30: =MINA(Data!C1:C10)
A31: =MAXA(Data!C1:C10) -> 9 | B31: =MAXA(Data!C1:C10)
A32: =COUNT(Data!C1:C10) -> 7 | B32: =COUNT(Data!C1:C10)
A33: =COUNTA(Data!C1:C10) -> 9 | B33: =COUNTA(Data!C1:C10)
A34: =COUNTBLANK(Data!C1:C10) -> 1 | B34: =COUNTBLANK(Data!C1:C10)
A35: =COUNT(Data!B1:B10) -> 0 | B35: =COUNT(Data!B1:B10)
A36: =COUNTA(Data!B1:B10) -> 9 | B36: =COUNTA(Data!B1:B10)
A37: =SUMIF(Data!A1:A10,">3") -> 136.25 | B37: =SUMIF(Data!A1:A10,">3")
A38: =SUMIF(Data!B1:B10,"apple*",Data!A1:A10) -> 3 | B38: =SUMIF(Data!B1:B10,"apple*",Data!A1:A10)
A39: =SUMIF(Data!A1:A10,"<>4") -> 132.25 | B39: =SUMIF(Data!A1:A10,"<>4")
A40: =COUNTIF(Data!B1:B10,"?pple*") -> 2 | B40: =COUNTIF(Data!B1:B10,"?pple*")
A41: =COUNTIF(Data!A1:A10,4) -> 2 | B41: =COUNTIF(Data!A1:A10,4)
A42: =COUNTIF(Data!A1:A10,"4") -> 2 | B42: =COUNTIF(Data!A1:A10,"4")
A43: =COUNTIF(Data!B1:B10,"<c") -> 3 | B43: =COUNTIF(Data!B1:B10,"<c")
A44: =COUNTIF(Data!B1:B10,"") -> 1 | B44: =COUNTIF(Data!B1:B10,"")
A45: =COUNTIF(Data!B1:B10,"<>") -> 9 | B45: =COUNTIF(Data!B1:B10,"<>")
A46: =SUMIFS(Data!K2:K7,Data!J2:J7,"North",Data!L2:L7,">2021") -> 105 | B46: =SUMIFS(Data!K2:K7,Data!J2:J7,"North",Data!L2:L7,">2021")
A47: =COUNTIFS(Data!J2:J7,"South",Data!K2:K7,">=90") -> 1 | B47: =COUNTIFS(Data!J2:J7,"South",Data!K2:K7,">=90")
A48: =AVERAGEIF(Data!J2:J7,"North",Data!K2:K7) -> 75 | B48: =AVERAGEIF(Data!J2:J7,"North",Data!K2:K7)
A49: =AVERAGEIFS(Data!K2:K7,Data!L2:L7,2022) -> 122.5 | B49: =AVERAGEIFS(Data!K2:K7,Data!L2:L7,2022)
A50: =_xlfn.MAXIFS(Data!K2:K7,Data!J2:J7,"South") -> 95 | B50: =MAXIFS(Data!K2:K7,Data!J2:J7,"South")
A51: =_xlfn.MINIFS(Data!K2:K7,Data!J2:J7,"North") -> 45 | B51: =MINIFS(Data!K2:K7,Data!J2:J7,"North")
A52: =SUM(sales)*vat -> 120 | B52: =SUM(sales)*vat
A53: =SUMPRODUCT(Data!A1:A3,Data!E1:E3) -> 688 | B53: =SUMPRODUCT(Data!A1:A3,Data!E1:E3)
A54: =SUMPRODUCT((Data!J2:J7="North")*Data!K2:K7) -> 225 | B54: =SUMPRODUCT((Data!J2:J7="North")*Data!K2:K7)
A55: =SUBTOTAL(9,Data!A1:A10) -> 140.25 | B55: =SUBTOTAL(9,Data!A1:A10)
A56: =SUBTOTAL(1,Data!A1:A10) -> 14.025 | B56: =SUBTOTAL(1,Data!A1:A10)
A57: =ROUND(2.5,0) -> 3 | B57: =ROUND(2.5,0)
A58: =ROUND(-2.5,0) -> -3 | B58: =ROUND(-2.5,0)
A59: =ROUND(1.005,2) -> 1.01 | B59: =ROUND(1.005,2)
A60: =ROUND(1234.5678,-2) -> 1200 | B60: =ROUND(1234.5678,-2)
A61: =ROUNDUP(3.14159,3) -> 3.142 | B61: =ROUNDUP(3.14159,3)
A62: =ROUNDUP(-3.14159,1) -> -3.2 | B62: =ROUNDUP(-3.14159,1)
A63: =ROUNDDOWN(3.14159,3) -> 3.141 | B63: =ROUNDDOWN(3.14159,3)
A64: =ROUNDDOWN(-3.9,0) -> -3 | B64: =ROUNDDOWN(-3.9,0)
A65: =MROUND(10,3) -> 9 | B65: =MROUND(10,3)
A66: =MROUND(1.3,0.2) -> 1.4 | B66: =MROUND(1.3,0.2)
A67: =MROUND(-10,-3) -> -9 | B67: =MROUND(-10,-3)
A68: =CEILING(2.5,1) -> 3 | B68: =CEILING(2.5,1)
A69: =CEILING(-2.5,2) -> -2 | B69: =CEILING(-2.5,2)
A70: =CEILING(-2.5,-2) -> -4 | B70: =CEILING(-2.5,-2)
A71: =CEILING(0.234,0.01) -> 0.24 | B71: =CEILING(0.234,0.01)
A72: =FLOOR(2.5,1) -> 2 | B72: =FLOOR(2.5,1)
A73: =FLOOR(-2.5,2) -> -4 | B73: =FLOOR(-2.5,2)
A74: =FLOOR(-2.5,-2) -> -2 | B74: =FLOOR(-2.5,-2)
A75: =FLOOR(1.58,0.1) -> 1.5 | B75: =FLOOR(1.58,0.1)
A76: =_xlfn.CEILING.MATH(-5.5,2) -> -4 | B76: =CEILING.MATH(-5.5,2)
A77: =_xlfn.CEILING.MATH(-5.5,2,-1) -> -6 | B77: =CEILING.MATH(-5.5,2,-1)
A78: =_xlfn.FLOOR.MATH(-5.5,2) -> -6 | B78: =FLOOR.MATH(-5.5,2)
A79: =_xlfn.FLOOR.MATH(-5.5,2,-1) -> -4 | B79: =FLOOR.MATH(-5.5,2,-1)
A80: =_xlfn.CEILING.MATH(6.7) -> 7 | B80: =CEILING.MATH(6.7)
A81: =INT(-1.5) -> -2 | B81: =INT(-1.5)
A82: =INT(8.9) -> 8 | B82: =INT(8.9)
A83: =TRUNC(-8.9) -> -8 | B83: =TRUNC(-8.9)
A84: =TRUNC(3.14159,2) -> 3.14 | B84: =TRUNC(3.14159,2)
A85: =MOD(-3,2) -> 1 | B85: =MOD(-3,2)
A86: =MOD(3,-2) -> -1 | B86: =MOD(3,-2)
A87: =MOD(10.5,3) -> 1.5 | B87: =MOD(10.5,3)
A88: =MOD(0.3,0.1) -> 0 | B88: =MOD(0.3,0.1)
A89: =QUOTIENT(-10,3) -> -3 | B89: =QUOTIENT(-10,3)
A90: =ABS(-4) -> 4 | B90: =ABS(-4)
A91: =SIGN(-0.5) -> -1 | B91: =SIGN(-0.5)
A92: =SQRT(2) -> 1.4142136 | B92: =SQRT(2)
A93: =SQRTPI(1) -> 1.7724539 | B93: =SQRTPI(1)
A94: =POWER(2,10) -> 1024 | B94: =POWER(2,10)
A95: =POWER(-8,1/3) -> -2 | B95: =POWER(-8,1/3)
A96: =EXP(1) -> 2.7182818 | B96: =EXP(1)
A97: =LN(10) -> 2.3025851 | B97: =LN(10)
A98: =LOG(1000) -> 3 | B98: =LOG(1000)
A99: =LOG(8,2) -> 3 | B99: =LOG(8,2)
A100: =LOG10(0.01) -> -2 | B100: =LOG10(0.01)
...
